Name,Email
Conroy Foy,cfoy0@java.com
Burty Sampey,bsampey1@amazonaws.com
Andree Ablett,aablett2@un.org
Hanna O'Mohun,homohun3@businessweek.com
Thayne Oglevie,toglevie4@kickstarter.com
Ulrich Connors,uconnors5@npr.org
Elnore Ricciardelli,ericciardelli6@census.gov
Dolly Camies,dcamies7@nhs.uk
Gibb Knappen,gknappen8@ustream.tv
Florrie Glozman,fglozman9@netscape.com
Fidole Spickett,fspicketta@mail.ru
Cele Komorowski,ckomorowskib@rakuten.co.jp
Charlotte Gorbell,cgorbellc@surveymonkey.com
Dag Greeves,dgreevesd@devhub.com
Giselle Bradie,gbradiee@auda.org.au
Aileen Farnworth,afarnworthf@4shared.com
Berti Bruniges,bbrunigesg@multiply.com
Tobye Probate,tprobateh@opensource.org
Dana Cousens,dcousensi@myspace.com
Jameson Woodus,jwoodusj@illinois.edu
Beverly Delgua,bdelguak@wikipedia.org
Wilek Pigford,wpigfordl@nsw.gov.au
Raymund Alsobrook,ralsobrookm@howstuffworks.com
Harris Firmage,hfirmagen@unc.edu
Myrtice Robbs,mrobbso@kickstarter.com
Adelaide Reen,areenp@wikispaces.com
Burk Chieco,bchiecoq@twitter.com
Donny Christoffersen,dchristoffersenr@wix.com
Janelle Ciccottini,jciccottinis@uol.com.br
Ignatius Escalero,iescalerot@cafepress.com
Leslie Boodell,lboodellu@economist.com
Yvonne Bowry,ybowryv@pbs.org
Jelene Royan,jroyanw@de.vu
Hirsch Fylan,hfylanx@npr.org
Quent Borland,qborlandy@dmoz.org
Ursala Dyers,udyersz@networkadvertising.org
Micheal Fowlds,mfowlds10@hibu.com
Shae Causey,scausey11@alibaba.com
Lyndsey Mackneis,lmackneis12@cnet.com
Terri-jo Kilfeder,tkilfeder13@histats.com
Marna Slowcock,mslowcock14@google.ru
Ronnie Sustin,rsustin15@mediafire.com
Laurie Sambles,lsambles16@purevolume.com
Bruis Dael,bdael17@china.com.cn
Harlie Kingshott,hkingshott18@e-recht24.de
Julius Steers,jsteers19@dion.ne.jp
Darnall Epine,depine1a@microsoft.com
Trumann Tillot,ttillot1b@blogger.com
Phillip Randerson,pranderson1c@google.ca
Elissa Arr,earr1d@patch.com
